section,group,order,role,wix_id,original_url,local_path
exhibitions,wsal-2025,1,artwork,fdc35e_3f9449ee154b4a3d8beaa209aacc5334,https://static.wixstatic.com/media/fdc35e_3f9449ee154b4a3d8beaa209aacc5334~mv2.jpg,media/exhibitions/wsal-2025/wsal-2025-01.jpg
exhibitions,wsal-2025,2,artwork,fdc35e_549637d41e0f47e5bf6200d277a23380,https://static.wixstatic.com/media/fdc35e_549637d41e0f47e5bf6200d277a23380~mv2.jpg,media/exhibitions/wsal-2025/wsal-2025-02.jpg
exhibitions,wsal-2025,3,artwork,fdc35e_275301ea6aa94597a94d114fdf55cfdc,https://static.wixstatic.com/media/fdc35e_275301ea6aa94597a94d114fdf55cfdc~mv2.jpg,media/exhibitions/wsal-2025/wsal-2025-03.jpg
exhibitions,wsal-2025,4,artwork,fdc35e_40149f4c7d6c43f585c663b67abd3a93,https://static.wixstatic.com/media/fdc35e_40149f4c7d6c43f585c663b67abd3a93~mv2.jpg,media/exhibitions/wsal-2025/wsal-2025-04.jpg
exhibitions,wsal-2025,5,artwork,fdc35e_4663bca130874551baceb7e80a275a4c,https://static.wixstatic.com/media/fdc35e_4663bca130874551baceb7e80a275a4c~mv2.jpg,media/exhibitions/wsal-2025/wsal-2025-05.jpg
exhibitions,wsal-2025,6,artwork,fdc35e_5351e92125304e9cb7e860307f365522,https://static.wixstatic.com/media/fdc35e_5351e92125304e9cb7e860307f365522~mv2.jpg,media/exhibitions/wsal-2025/wsal-2025-06.jpg
exhibitions,wsal-2025,7,artwork,fdc35e_ffe5e4fed56a4f3a9531a9dd4a6976dd,https://static.wixstatic.com/media/fdc35e_ffe5e4fed56a4f3a9531a9dd4a6976dd~mv2.jpg,media/exhibitions/wsal-2025/wsal-2025-07.jpg
exhibitions,wsal-2025,8,artwork,fdc35e_c61eef4db6f2463497536b8c07660b1b,https://static.wixstatic.com/media/fdc35e_c61eef4db6f2463497536b8c07660b1b~mv2.jpg,media/exhibitions/wsal-2025/wsal-2025-08.jpg
exhibitions,wsal-2025,9,artwork,fdc35e_b67e79cfaee44515a74bce78b32d8b20,https://static.wixstatic.com/media/fdc35e_b67e79cfaee44515a74bce78b32d8b20~mv2.jpg,media/exhibitions/wsal-2025/wsal-2025-09.jpg
exhibitions,wsal-2025,10,artwork,fdc35e_a8599be0cac44e288f0e1b567d032747,https://static.wixstatic.com/media/fdc35e_a8599be0cac44e288f0e1b567d032747~mv2.jpg,media/exhibitions/wsal-2025/wsal-2025-10.jpg
exhibitions,wsal-2025,11,artwork,fdc35e_c2526cbf0c1c499788af16f601de7f3a,https://static.wixstatic.com/media/fdc35e_c2526cbf0c1c499788af16f601de7f3a~mv2.jpg,media/exhibitions/wsal-2025/wsal-2025-11.jpg
exhibitions,wsal-2025,12,artwork,fdc35e_7fdea8cdfe6940949f0d521b200b85d7,https://static.wixstatic.com/media/fdc35e_7fdea8cdfe6940949f0d521b200b85d7~mv2.jpg,media/exhibitions/wsal-2025/wsal-2025-12.jpg
exhibitions,wsal-2025,13,artwork,fdc35e_3b87f806171e4dca95cec21b6050c89d,https://static.wixstatic.com/media/fdc35e_3b87f806171e4dca95cec21b6050c89d~mv2.jpg,media/exhibitions/wsal-2025/wsal-2025-13.jpg
exhibitions,wsal-2025,14,artwork,fdc35e_52f4ddb6deed4f1f8653cf01eee80297,https://static.wixstatic.com/media/fdc35e_52f4ddb6deed4f1f8653cf01eee80297~mv2.jpg,media/exhibitions/wsal-2025/wsal-2025-14.jpg
exhibitions,wsal-2025,15,artwork,fdc35e_89e76fdba30f4b07ab7aec7fa1a4f8a5,https://static.wixstatic.com/media/fdc35e_89e76fdba30f4b07ab7aec7fa1a4f8a5~mv2.jpg,media/exhibitions/wsal-2025/wsal-2025-15.jpg
exhibitions,zat-2023,1,artwork,fdc35e_2b6a1c0963d5428d95454cf8e2236b95,https://static.wixstatic.com/media/fdc35e_2b6a1c0963d5428d95454cf8e2236b95~mv2.jpg,media/exhibitions/zat-2023/zat-2023-01.jpg
exhibitions,zat-2023,2,artwork,fdc35e_b0ec0ac8c1e64f78ae11629dccbba515,https://static.wixstatic.com/media/fdc35e_b0ec0ac8c1e64f78ae11629dccbba515~mv2.jpg,media/exhibitions/zat-2023/zat-2023-02.jpg
exhibitions,zat-2023,3,artwork,fdc35e_e7be8fd1192f4e79b15b06f21d6b01e9,https://static.wixstatic.com/media/fdc35e_e7be8fd1192f4e79b15b06f21d6b01e9~mv2.jpg,media/exhibitions/zat-2023/zat-2023-03.jpg
exhibitions,zat-2023,4,artwork,fdc35e_1c0059a793b04c8c823320a0ad1a5ba3,https://static.wixstatic.com/media/fdc35e_1c0059a793b04c8c823320a0ad1a5ba3~mv2.jpg,media/exhibitions/zat-2023/zat-2023-04.jpg
exhibitions,zat-2023,5,artwork,fdc35e_d8bb3a64b4864885916d7029f24c1a75,https://static.wixstatic.com/media/fdc35e_d8bb3a64b4864885916d7029f24c1a75~mv2.jpg,media/exhibitions/zat-2023/zat-2023-05.jpg
exhibitions,zat-2023,6,artwork,fdc35e_5615977476204e0389072087a50af626,https://static.wixstatic.com/media/fdc35e_5615977476204e0389072087a50af626~mv2.jpg,media/exhibitions/zat-2023/zat-2023-06.jpg
exhibitions,zat-2023,7,artwork,fdc35e_5902d40a6e154062872ac55a54c0efd8,https://static.wixstatic.com/media/fdc35e_5902d40a6e154062872ac55a54c0efd8~mv2.jpg,media/exhibitions/zat-2023/zat-2023-07.jpg
exhibitions,zat-2023,8,artwork,fdc35e_e7f3bd3facd84a48a19d6d6ba49901ad,https://static.wixstatic.com/media/fdc35e_e7f3bd3facd84a48a19d6d6ba49901ad~mv2.jpg,media/exhibitions/zat-2023/zat-2023-08.jpg
exhibitions,zat-2023,9,artwork,fdc35e_62b90b89feab420596529409db294206,https://static.wixstatic.com/media/fdc35e_62b90b89feab420596529409db294206~mv2.jpg,media/exhibitions/zat-2023/zat-2023-09.jpg
exhibitions,zat-2023,10,artwork,fdc35e_ba6b64c504aa43669ca3b9cbdf237f2b,https://static.wixstatic.com/media/fdc35e_ba6b64c504aa43669ca3b9cbdf237f2b~mv2.jpg,media/exhibitions/zat-2023/zat-2023-10.jpg
exhibitions,zat-2023,11,artwork,fdc35e_fcb3ef3ddff2437fb939c9580332f60a,https://static.wixstatic.com/media/fdc35e_fcb3ef3ddff2437fb939c9580332f60a~mv2.jpg,media/exhibitions/zat-2023/zat-2023-11.jpg
exhibitions,zat-2023,12,artwork,fdc35e_af2d698eda114a83acc5adb2dee196bd,https://static.wixstatic.com/media/fdc35e_af2d698eda114a83acc5adb2dee196bd~mv2.jpg,media/exhibitions/zat-2023/zat-2023-12.jpg
exhibitions,zat-2023,13,artwork,fdc35e_bf1af288049c4a3bbb9eb55e3bbcf85f,https://static.wixstatic.com/media/fdc35e_bf1af288049c4a3bbb9eb55e3bbcf85f~mv2.jpg,media/exhibitions/zat-2023/zat-2023-13.jpg
exhibitions,zat-2023,14,artwork,fdc35e_39d9945b7765406ca1e0b5c7a144115b,https://static.wixstatic.com/media/fdc35e_39d9945b7765406ca1e0b5c7a144115b~mv2.jpg,media/exhibitions/zat-2023/zat-2023-14.jpg
exhibitions,zat-2023,15,artwork,fdc35e_1c481876245f4b7ea85e5477dba94f4e,https://static.wixstatic.com/media/fdc35e_1c481876245f4b7ea85e5477dba94f4e~mv2.jpg,media/exhibitions/zat-2023/zat-2023-15.jpg
exhibitions,zat-2023,16,artwork,fdc35e_57cc244d65004b64a74a50f3d2f311e8,https://static.wixstatic.com/media/fdc35e_57cc244d65004b64a74a50f3d2f311e8~mv2.jpg,media/exhibitions/zat-2023/zat-2023-16.jpg
exhibitions,zat-2023,17,artwork,fdc35e_3d7bb1c0e7234f4bad4842a932021986,https://static.wixstatic.com/media/fdc35e_3d7bb1c0e7234f4bad4842a932021986~mv2.jpg,media/exhibitions/zat-2023/zat-2023-17.jpg
exhibitions,zat-2023,18,artwork,fdc35e_bb3fc3aca9724dc78d5a5aa89f0010a3,https://static.wixstatic.com/media/fdc35e_bb3fc3aca9724dc78d5a5aa89f0010a3~mv2.jpg,media/exhibitions/zat-2023/zat-2023-18.jpg
exhibitions,zat-2023,19,artwork,fdc35e_49f39e312d434354ab228d13f2a35644,https://static.wixstatic.com/media/fdc35e_49f39e312d434354ab228d13f2a35644~mv2.jpg,media/exhibitions/zat-2023/zat-2023-19.jpg
exhibitions,zat-2023,20,artwork,fdc35e_d1fb25885a8f45ae9e37f35ac1796195,https://static.wixstatic.com/media/fdc35e_d1fb25885a8f45ae9e37f35ac1796195~mv2.jpg,media/exhibitions/zat-2023/zat-2023-20.jpg
exhibitions,zat-2023,21,artwork,fdc35e_72a9f9e9b9564dc790bd82609567af55,https://static.wixstatic.com/media/fdc35e_72a9f9e9b9564dc790bd82609567af55~mv2.jpg,media/exhibitions/zat-2023/zat-2023-21.jpg
exhibitions,zat-2023,22,artwork,fdc35e_5bb79ed26f8b48c5953bf373982c496d,https://static.wixstatic.com/media/fdc35e_5bb79ed26f8b48c5953bf373982c496d~mv2.jpg,media/exhibitions/zat-2023/zat-2023-22.jpg
exhibitions,zat-2023,23,artwork,fdc35e_b6d2f3673a584aa1824a8ce7b9720261,https://static.wixstatic.com/media/fdc35e_b6d2f3673a584aa1824a8ce7b9720261~mv2.jpg,media/exhibitions/zat-2023/zat-2023-23.jpg
exhibitions,the-third-eye-2021,1,artwork,fdc35e_88a84b221f224618b2bcf8ceacf1894a,https://static.wixstatic.com/media/fdc35e_88a84b221f224618b2bcf8ceacf1894a~mv2.jpg,media/exhibitions/the-third-eye-2021/the-third-eye-2021-01.jpg
exhibitions,the-third-eye-2021,2,artwork,fdc35e_059356d53dc047c886f51f485bf7a125,https://static.wixstatic.com/media/fdc35e_059356d53dc047c886f51f485bf7a125~mv2.jpg,media/exhibitions/the-third-eye-2021/the-third-eye-2021-02.jpg
exhibitions,the-third-eye-2021,3,artwork,fdc35e_c7d72f4470b34052834e5a5fdd6ffd4a,https://static.wixstatic.com/media/fdc35e_c7d72f4470b34052834e5a5fdd6ffd4a~mv2.jpg,media/exhibitions/the-third-eye-2021/the-third-eye-2021-03.jpg
exhibitions,the-third-eye-2021,4,artwork,fdc35e_393d95fb54d540d7a98d10e1cd6fd9b3,https://static.wixstatic.com/media/fdc35e_393d95fb54d540d7a98d10e1cd6fd9b3~mv2.jpg,media/exhibitions/the-third-eye-2021/the-third-eye-2021-04.jpg
exhibitions,the-third-eye-2021,5,artwork,fdc35e_5576f23b038b495f9a1a3505fbf2053d,https://static.wixstatic.com/media/fdc35e_5576f23b038b495f9a1a3505fbf2053d~mv2.jpg,media/exhibitions/the-third-eye-2021/the-third-eye-2021-05.jpg
exhibitions,the-third-eye-2021,6,artwork,fdc35e_d45153bac6ba4695a32995a61a6a3860,https://static.wixstatic.com/media/fdc35e_d45153bac6ba4695a32995a61a6a3860~mv2.jpg,media/exhibitions/the-third-eye-2021/the-third-eye-2021-06.jpg
exhibitions,the-third-eye-2021,7,artwork,fdc35e_77ffae8a944d41bd88ab19441a3e1b1a,https://static.wixstatic.com/media/fdc35e_77ffae8a944d41bd88ab19441a3e1b1a~mv2.jpg,media/exhibitions/the-third-eye-2021/the-third-eye-2021-07.jpg
exhibitions,the-third-eye-2021,8,artwork,fdc35e_83e88eab70ad4afe8ade999c7f84f1df,https://static.wixstatic.com/media/fdc35e_83e88eab70ad4afe8ade999c7f84f1df~mv2.jpg,media/exhibitions/the-third-eye-2021/the-third-eye-2021-08.jpg
exhibitions,the-third-eye-2021,9,artwork,fdc35e_075b523c6bca4aefbe188212d23519aa,https://static.wixstatic.com/media/fdc35e_075b523c6bca4aefbe188212d23519aa~mv2.jpg,media/exhibitions/the-third-eye-2021/the-third-eye-2021-09.jpg
exhibitions,the-third-eye-2021,10,artwork,fdc35e_f9b390c8461246919aa32b21322a5fa8,https://static.wixstatic.com/media/fdc35e_f9b390c8461246919aa32b21322a5fa8~mv2.jpg,media/exhibitions/the-third-eye-2021/the-third-eye-2021-10.jpg
exhibitions,the-third-eye-2021,11,artwork,fdc35e_7c4f0211faa44ee4bf86e5330bed9e5d,https://static.wixstatic.com/media/fdc35e_7c4f0211faa44ee4bf86e5330bed9e5d~mv2.jpg,media/exhibitions/the-third-eye-2021/the-third-eye-2021-11.jpg
exhibitions,the-third-eye-2021,12,artwork,fdc35e_19c69748cc0b44e380e43adec74a1702,https://static.wixstatic.com/media/fdc35e_19c69748cc0b44e380e43adec74a1702~mv2.jpg,media/exhibitions/the-third-eye-2021/the-third-eye-2021-12.jpg
exhibitions,the-third-eye-2021,13,artwork,fdc35e_fcdee3b439e3485084c9f46d3a2c9948,https://static.wixstatic.com/media/fdc35e_fcdee3b439e3485084c9f46d3a2c9948~mv2.jpg,media/exhibitions/the-third-eye-2021/the-third-eye-2021-13.jpg
exhibitions,sakan-2019,1,artwork,fdc35e_34fe06c5e77241f9b19b3c6f608db17f,https://static.wixstatic.com/media/fdc35e_34fe06c5e77241f9b19b3c6f608db17f~mv2.jpg,media/exhibitions/sakan-2019/sakan-2019-01.jpg
exhibitions,sakan-2019,2,artwork,fdc35e_80a32111c37e4ace9e17fd1ca9a26c9f,https://static.wixstatic.com/media/fdc35e_80a32111c37e4ace9e17fd1ca9a26c9f~mv2.jpg,media/exhibitions/sakan-2019/sakan-2019-02.jpg
exhibitions,sakan-2019,3,artwork,fdc35e_269e2e30a1a041e496de2f7fb635c2a4,https://static.wixstatic.com/media/fdc35e_269e2e30a1a041e496de2f7fb635c2a4~mv2.jpg,media/exhibitions/sakan-2019/sakan-2019-03.jpg
exhibitions,sakan-2019,4,artwork,fdc35e_49935591b0014b6cb0d24c1d163406e2,https://static.wixstatic.com/media/fdc35e_49935591b0014b6cb0d24c1d163406e2~mv2.jpg,media/exhibitions/sakan-2019/sakan-2019-04.jpg
exhibitions,sakan-2019,5,artwork,fdc35e_1db2350a80d54449b12bb9e28567ce9e,https://static.wixstatic.com/media/fdc35e_1db2350a80d54449b12bb9e28567ce9e~mv2.jpg,media/exhibitions/sakan-2019/sakan-2019-05.jpg
exhibitions,sakan-2019,6,artwork,fdc35e_277550afdefa43efac08f7e1961e4be5,https://static.wixstatic.com/media/fdc35e_277550afdefa43efac08f7e1961e4be5~mv2.jpg,media/exhibitions/sakan-2019/sakan-2019-06.jpg
exhibitions,sakan-2019,7,artwork,fdc35e_b7be57ded06a4184bac33953de23ab3a,https://static.wixstatic.com/media/fdc35e_b7be57ded06a4184bac33953de23ab3a~mv2.jpg,media/exhibitions/sakan-2019/sakan-2019-07.jpg
exhibitions,sakan-2019,8,artwork,fdc35e_7fb40871a78f4cc89c01db55395749f5,https://static.wixstatic.com/media/fdc35e_7fb40871a78f4cc89c01db55395749f5~mv2.jpg,media/exhibitions/sakan-2019/sakan-2019-08.jpg
exhibitions,sakan-2019,9,artwork,fdc35e_c5d129cb7fba4350a3913162cc5d9f55,https://static.wixstatic.com/media/fdc35e_c5d129cb7fba4350a3913162cc5d9f55~mv2.jpg,media/exhibitions/sakan-2019/sakan-2019-09.jpg
exhibitions,sakan-2019,10,artwork,fdc35e_5c7c38b80f7241ab92a048c074949161,https://static.wixstatic.com/media/fdc35e_5c7c38b80f7241ab92a048c074949161~mv2.jpg,media/exhibitions/sakan-2019/sakan-2019-10.jpg
exhibitions,sakan-2019,11,artwork,fdc35e_3c62708485f440e8ae4f33719b61db93,https://static.wixstatic.com/media/fdc35e_3c62708485f440e8ae4f33719b61db93~mv2.jpg,media/exhibitions/sakan-2019/sakan-2019-11.jpg
exhibitions,horra-2017,1,artwork,fdc35e_bad6da474af84e809f4170989c68bb13,https://static.wixstatic.com/media/fdc35e_bad6da474af84e809f4170989c68bb13~mv2.jpg,media/exhibitions/horra-2017/horra-2017-01.jpg
exhibitions,horra-2017,2,artwork,fdc35e_00e0027a325a4cf8a755d57722fea96f,https://static.wixstatic.com/media/fdc35e_00e0027a325a4cf8a755d57722fea96f~mv2.jpg,media/exhibitions/horra-2017/horra-2017-02.jpg
exhibitions,horra-2017,3,artwork,fdc35e_880e33947ed74a188e3ee3025bdc3d09,https://static.wixstatic.com/media/fdc35e_880e33947ed74a188e3ee3025bdc3d09~mv2.jpg,media/exhibitions/horra-2017/horra-2017-03.jpg
exhibitions,horra-2017,4,artwork,fdc35e_467e71c6f7184828bb5e1bb723f882fe,https://static.wixstatic.com/media/fdc35e_467e71c6f7184828bb5e1bb723f882fe~mv2.jpg,media/exhibitions/horra-2017/horra-2017-04.jpg
exhibitions,horra-2017,5,artwork,fdc35e_9c209fddfc3243e491055ea70be503cd,https://static.wixstatic.com/media/fdc35e_9c209fddfc3243e491055ea70be503cd~mv2.jpg,media/exhibitions/horra-2017/horra-2017-05.jpg
exhibitions,horra-2017,6,artwork,fdc35e_6b8719503d284612bb09096c60ec8639,https://static.wixstatic.com/media/fdc35e_6b8719503d284612bb09096c60ec8639~mv2.jpg,media/exhibitions/horra-2017/horra-2017-06.jpg
exhibitions,horra-2017,7,artwork,fdc35e_909fab8d2874472b92565b11e75cdde6,https://static.wixstatic.com/media/fdc35e_909fab8d2874472b92565b11e75cdde6~mv2.jpg,media/exhibitions/horra-2017/horra-2017-07.jpg
exhibitions,horra-2017,8,artwork,fdc35e_3fc92944d86f42a087891a0edad74e4b,https://static.wixstatic.com/media/fdc35e_3fc92944d86f42a087891a0edad74e4b~mv2.jpg,media/exhibitions/horra-2017/horra-2017-08.jpg
exhibitions,horra-2017,9,artwork,fdc35e_021f09ad7ec342bfa340034dfcb7db4f,https://static.wixstatic.com/media/fdc35e_021f09ad7ec342bfa340034dfcb7db4f~mv2.jpg,media/exhibitions/horra-2017/horra-2017-09.jpg
exhibitions,horra-2017,10,artwork,fdc35e_da1fdfbfc4cc4f9db5742762cead24be,https://static.wixstatic.com/media/fdc35e_da1fdfbfc4cc4f9db5742762cead24be~mv2.jpg,media/exhibitions/horra-2017/horra-2017-10.jpg
exhibitions,horra-2017,11,artwork,fdc35e_779393f6fb7d4e448a83d1788181824e,https://static.wixstatic.com/media/fdc35e_779393f6fb7d4e448a83d1788181824e~mv2.jpg,media/exhibitions/horra-2017/horra-2017-11.jpg
exhibitions,horra-2017,12,artwork,fdc35e_3f2e78dc0fc34e87848d9407fdc56d88,https://static.wixstatic.com/media/fdc35e_3f2e78dc0fc34e87848d9407fdc56d88~mv2.jpg,media/exhibitions/horra-2017/horra-2017-12.jpg
exhibitions,horra-2017,13,artwork,fdc35e_8e7a64526cdd46f79bb9775456f1de8a,https://static.wixstatic.com/media/fdc35e_8e7a64526cdd46f79bb9775456f1de8a~mv2.jpg,media/exhibitions/horra-2017/horra-2017-13.jpg
exhibitions,horra-2017,14,artwork,fdc35e_560db7b148dc4cab9baf23f722bb3b75,https://static.wixstatic.com/media/fdc35e_560db7b148dc4cab9baf23f722bb3b75~mv2.jpg,media/exhibitions/horra-2017/horra-2017-14.jpg
exhibitions,horra-2017,15,artwork,fdc35e_f8b25638641540c6897f79b723e80cd2,https://static.wixstatic.com/media/fdc35e_f8b25638641540c6897f79b723e80cd2~mv2.jpg,media/exhibitions/horra-2017/horra-2017-15.jpg
exhibitions,horra-2017,16,artwork,fdc35e_6324a9c43f8d4576a2b29ebafeb15ceb,https://static.wixstatic.com/media/fdc35e_6324a9c43f8d4576a2b29ebafeb15ceb~mv2.jpg,media/exhibitions/horra-2017/horra-2017-16.jpg
exhibitions,horra-2017,17,artwork,fdc35e_c8d4419bb71b46c8a19ed885cd0d6e08,https://static.wixstatic.com/media/fdc35e_c8d4419bb71b46c8a19ed885cd0d6e08~mv2.jpg,media/exhibitions/horra-2017/horra-2017-17.jpg
exhibitions,horra-2017,18,artwork,fdc35e_0555cdc626614e66b561f5875c46eca0,https://static.wixstatic.com/media/fdc35e_0555cdc626614e66b561f5875c46eca0~mv2.jpg,media/exhibitions/horra-2017/horra-2017-18.jpg
exhibitions,horra-2017,19,artwork,fdc35e_7db8248b0d4847b49107a81b65378b22,https://static.wixstatic.com/media/fdc35e_7db8248b0d4847b49107a81b65378b22~mv2.jpg,media/exhibitions/horra-2017/horra-2017-19.jpg
exhibitions,soul-2016,1,artwork,fdc35e_8ce69558b6a44a758885d039fe301daa,https://static.wixstatic.com/media/fdc35e_8ce69558b6a44a758885d039fe301daa~mv2.jpg,media/exhibitions/soul-2016/soul-2016-01.jpg
exhibitions,soul-2016,2,artwork,fdc35e_025a590d626246679071f6838b39f118,https://static.wixstatic.com/media/fdc35e_025a590d626246679071f6838b39f118~mv2.jpg,media/exhibitions/soul-2016/soul-2016-02.jpg
exhibitions,soul-2016,3,artwork,fdc35e_e28469cebe1b4623a23928649e6479b8,https://static.wixstatic.com/media/fdc35e_e28469cebe1b4623a23928649e6479b8~mv2.jpg,media/exhibitions/soul-2016/soul-2016-03.jpg
exhibitions,soul-2016,4,artwork,fdc35e_64468ab195684fa6bbd7cc70aefc86a9,https://static.wixstatic.com/media/fdc35e_64468ab195684fa6bbd7cc70aefc86a9~mv2.jpg,media/exhibitions/soul-2016/soul-2016-04.jpg
exhibitions,soul-2016,5,artwork,fdc35e_a78a047b813140c6943707bacc5faa98,https://static.wixstatic.com/media/fdc35e_a78a047b813140c6943707bacc5faa98~mv2.jpg,media/exhibitions/soul-2016/soul-2016-05.jpg
exhibitions,soul-2016,6,artwork,fdc35e_27d2a05634944a79a98fc918182a7f39,https://static.wixstatic.com/media/fdc35e_27d2a05634944a79a98fc918182a7f39~mv2.jpg,media/exhibitions/soul-2016/soul-2016-06.jpg
exhibitions,soul-2016,7,artwork,fdc35e_035f162299184deb8694e327ddf6175f,https://static.wixstatic.com/media/fdc35e_035f162299184deb8694e327ddf6175f~mv2.jpg,media/exhibitions/soul-2016/soul-2016-07.jpg
exhibitions,soul-2016,8,artwork,fdc35e_3b4bb0a2c68e48b488fc92ebdb22779a,https://static.wixstatic.com/media/fdc35e_3b4bb0a2c68e48b488fc92ebdb22779a~mv2.jpg,media/exhibitions/soul-2016/soul-2016-08.jpg
exhibitions,soul-2016,9,artwork,fdc35e_48dde6a99e04496fadd4331eed22d597,https://static.wixstatic.com/media/fdc35e_48dde6a99e04496fadd4331eed22d597~mv2.jpg,media/exhibitions/soul-2016/soul-2016-09.jpg
exhibitions,soul-2016,10,artwork,fdc35e_28b8c99a2b654faab1fdcf45d70d5016,https://static.wixstatic.com/media/fdc35e_28b8c99a2b654faab1fdcf45d70d5016~mv2.jpg,media/exhibitions/soul-2016/soul-2016-10.jpg
exhibitions,soul-2016,11,artwork,fdc35e_b267b2bc782544128b8223a43457c7fb,https://static.wixstatic.com/media/fdc35e_b267b2bc782544128b8223a43457c7fb~mv2.jpg,media/exhibitions/soul-2016/soul-2016-11.jpg
exhibitions,soul-2016,12,artwork,fdc35e_94233651da794f549dcb60d1867a3d09,https://static.wixstatic.com/media/fdc35e_94233651da794f549dcb60d1867a3d09~mv2.jpg,media/exhibitions/soul-2016/soul-2016-12.jpg
exhibitions,soul-2016,13,artwork,fdc35e_f2df4bfe3eb442d8aae5b3ec00bf4c34,https://static.wixstatic.com/media/fdc35e_f2df4bfe3eb442d8aae5b3ec00bf4c34~mv2.jpg,media/exhibitions/soul-2016/soul-2016-13.jpg
exhibitions,soul-2016,14,artwork,fdc35e_750326d93dba498e922b8a491c64ec92,https://static.wixstatic.com/media/fdc35e_750326d93dba498e922b8a491c64ec92~mv2.jpg,media/exhibitions/soul-2016/soul-2016-14.jpg
exhibitions,soul-2016,15,artwork,fdc35e_af78a4f38cd243c9a9a7b14c8535d23e,https://static.wixstatic.com/media/fdc35e_af78a4f38cd243c9a9a7b14c8535d23e~mv2.jpg,media/exhibitions/soul-2016/soul-2016-15.jpg
exhibitions,soul-2016,16,artwork,fdc35e_bbba0330e9f84af09155c34d9800c08f,https://static.wixstatic.com/media/fdc35e_bbba0330e9f84af09155c34d9800c08f~mv2.jpg,media/exhibitions/soul-2016/soul-2016-16.jpg
exhibitions,soul-2016,17,artwork,fdc35e_20bdbdab99154339ace7f2942d526212,https://static.wixstatic.com/media/fdc35e_20bdbdab99154339ace7f2942d526212~mv2.jpg,media/exhibitions/soul-2016/soul-2016-17.jpg
exhibitions,soul-2016,18,artwork,fdc35e_2a2d1cc3a6344579adc0802785806287,https://static.wixstatic.com/media/fdc35e_2a2d1cc3a6344579adc0802785806287~mv2.jpg,media/exhibitions/soul-2016/soul-2016-18.jpg
exhibitions,caravan-arts,1,artwork,fdc35e_43a99f5108da44bdb668eb5b8ce5009c,https://static.wixstatic.com/media/fdc35e_43a99f5108da44bdb668eb5b8ce5009c~mv2.jpg,media/exhibitions/caravan-arts/caravan-arts-01.jpg
exhibitions,caravan-arts,2,artwork,fdc35e_e4f82255019b47cca7c0f6e0e4dfc6eb,https://static.wixstatic.com/media/fdc35e_e4f82255019b47cca7c0f6e0e4dfc6eb~mv2.jpg,media/exhibitions/caravan-arts/caravan-arts-02.jpg
exhibitions,caravan-arts,3,artwork,fdc35e_dace0b236ead45fda6320f894a1ce083,https://static.wixstatic.com/media/fdc35e_dace0b236ead45fda6320f894a1ce083~mv2.jpg,media/exhibitions/caravan-arts/caravan-arts-03.jpg
exhibitions,caravan-arts,4,artwork,fdc35e_4406b9fa97c74bceaf816a373c5f5e9a,https://static.wixstatic.com/media/fdc35e_4406b9fa97c74bceaf816a373c5f5e9a~mv2.jpg,media/exhibitions/caravan-arts/caravan-arts-04.jpg
exhibitions,collection,1,artwork,fdc35e_402f2255799e44cdadf87af753a361c8,https://static.wixstatic.com/media/fdc35e_402f2255799e44cdadf87af753a361c8~mv2.jpg,media/exhibitions/collection/collection-01.jpg
exhibitions,collection,2,artwork,fdc35e_5c6f828e02bb465c8b95f98455fa5994,https://static.wixstatic.com/media/fdc35e_5c6f828e02bb465c8b95f98455fa5994~mv2.jpg,media/exhibitions/collection/collection-02.jpg
exhibitions,collection,3,artwork,fdc35e_c3640f6bcab144ada09278ed6a423f5d,https://static.wixstatic.com/media/fdc35e_c3640f6bcab144ada09278ed6a423f5d~mv2.jpg,media/exhibitions/collection/collection-03.jpg
exhibitions,collection,4,artwork,fdc35e_05388b1bb2504d10bec8178158fb834c,https://static.wixstatic.com/media/fdc35e_05388b1bb2504d10bec8178158fb834c~mv2.jpg,media/exhibitions/collection/collection-04.jpg
exhibitions,collection,5,artwork,fdc35e_4431780d9c5e42b99e3c919eb09e0c9e,https://static.wixstatic.com/media/fdc35e_4431780d9c5e42b99e3c919eb09e0c9e~mv2.jpg,media/exhibitions/collection/collection-05.jpg
exhibitions,collection,6,artwork,fdc35e_7b6fbd396be749bfb0ef6d4710887b08,https://static.wixstatic.com/media/fdc35e_7b6fbd396be749bfb0ef6d4710887b08~mv2.jpg,media/exhibitions/collection/collection-06.jpg
exhibitions,collection,7,artwork,fdc35e_7b27e073d77a4ea182d6b03da2b8e9a3,https://static.wixstatic.com/media/fdc35e_7b27e073d77a4ea182d6b03da2b8e9a3~mv2.jpg,media/exhibitions/collection/collection-07.jpg
exhibitions,collection,8,artwork,fdc35e_31a9e2cdb6ed47069a4e037ebb3c6c1f,https://static.wixstatic.com/media/fdc35e_31a9e2cdb6ed47069a4e037ebb3c6c1f~mv2.jpg,media/exhibitions/collection/collection-08.jpg
exhibitions,collection,9,artwork,fdc35e_89b228bd91104c1289b233d773530350,https://static.wixstatic.com/media/fdc35e_89b228bd91104c1289b233d773530350~mv2.jpg,media/exhibitions/collection/collection-09.jpg
exhibitions,collection,10,artwork,fdc35e_d25a25a7022f4ab79388f288d4acdf98,https://static.wixstatic.com/media/fdc35e_d25a25a7022f4ab79388f288d4acdf98~mv2.jpg,media/exhibitions/collection/collection-10.jpg
exhibitions,collection,11,artwork,fdc35e_094b684813294a2aa2eb7dc75aa2f603,https://static.wixstatic.com/media/fdc35e_094b684813294a2aa2eb7dc75aa2f603~mv2.jpg,media/exhibitions/collection/collection-11.jpg
exhibitions,collection,12,artwork,fdc35e_75d06ee5b1004f4a90fd0dfaadd91563,https://static.wixstatic.com/media/fdc35e_75d06ee5b1004f4a90fd0dfaadd91563~mv2.jpg,media/exhibitions/collection/collection-12.jpg
exhibitions,collection,13,artwork,fdc35e_e47f2ec76b6f4037add434605e89d00a,https://static.wixstatic.com/media/fdc35e_e47f2ec76b6f4037add434605e89d00a~mv2.jpg,media/exhibitions/collection/collection-13.jpg
exhibitions,collection,14,artwork,fdc35e_d658a1082989435b99d632500bc868a0,https://static.wixstatic.com/media/fdc35e_d658a1082989435b99d632500bc868a0~mv2.jpg,media/exhibitions/collection/collection-14.jpg
exhibitions,collection,15,artwork,fdc35e_2c71a401603e446fa0779a09aed2d318,https://static.wixstatic.com/media/fdc35e_2c71a401603e446fa0779a09aed2d318~mv2.jpg,media/exhibitions/collection/collection-15.jpg
exhibitions,collection,16,artwork,fdc35e_18b1383bfcc84592925baa7ae17a6b6c,https://static.wixstatic.com/media/fdc35e_18b1383bfcc84592925baa7ae17a6b6c~mv2.jpg,media/exhibitions/collection/collection-16.jpg
exhibitions,collection,17,artwork,fdc35e_c0d38064237543eeb3bd863dc000502f,https://static.wixstatic.com/media/fdc35e_c0d38064237543eeb3bd863dc000502f~mv2.jpg,media/exhibitions/collection/collection-17.jpg
exhibitions,collection,18,artwork,fdc35e_2e281c3a54c741b28210449b6b5bdd76,https://static.wixstatic.com/media/fdc35e_2e281c3a54c741b28210449b6b5bdd76~mv2.jpg,media/exhibitions/collection/collection-18.jpg
exhibitions,collection,19,artwork,fdc35e_0ab06e942293490491b6440c3e1b0e2b,https://static.wixstatic.com/media/fdc35e_0ab06e942293490491b6440c3e1b0e2b~mv2.jpg,media/exhibitions/collection/collection-19.jpg
exhibitions,collection,20,artwork,fdc35e_4ecb0febb24f4a0ea9def63ef9a8ce16,https://static.wixstatic.com/media/fdc35e_4ecb0febb24f4a0ea9def63ef9a8ce16~mv2.jpg,media/exhibitions/collection/collection-20.jpg
exhibitions,collection,21,artwork,fdc35e_10cb696a7b244c0abdaa1ff47eec514d,https://static.wixstatic.com/media/fdc35e_10cb696a7b244c0abdaa1ff47eec514d~mv2.jpg,media/exhibitions/collection/collection-21.jpg
exhibitions,collection,22,artwork,fdc35e_fb82cfd3e3af454580eb40b9326a31ab,https://static.wixstatic.com/media/fdc35e_fb82cfd3e3af454580eb40b9326a31ab~mv2.jpg,media/exhibitions/collection/collection-22.jpg
exhibitions,collection,23,artwork,fdc35e_f836cd5c9fe64ebb825c8f48891cbdea,https://static.wixstatic.com/media/fdc35e_f836cd5c9fe64ebb825c8f48891cbdea~mv2.jpg,media/exhibitions/collection/collection-23.jpg
exhibitions,collection,24,artwork,fdc35e_d324a6a47d76416184dc3614d811f470,https://static.wixstatic.com/media/fdc35e_d324a6a47d76416184dc3614d811f470~mv2.jpg,media/exhibitions/collection/collection-24.jpg
exhibitions,collection,25,artwork,fdc35e_2b57c1a6915f47b4b45296b2543f302e,https://static.wixstatic.com/media/fdc35e_2b57c1a6915f47b4b45296b2543f302e~mv2.jpg,media/exhibitions/collection/collection-25.jpg
illustrations,illustrations,1,artwork,fdc35e_2694c2184dfb4a99a70bab16e78bb8f5,https://static.wixstatic.com/media/fdc35e_2694c2184dfb4a99a70bab16e78bb8f5~mv2.jpg,media/illustrations/illustrations/illustrations-01.jpg
illustrations,illustrations,2,artwork,fdc35e_5239e54ef32f4b6aa4e3305dce6a0f61,https://static.wixstatic.com/media/fdc35e_5239e54ef32f4b6aa4e3305dce6a0f61~mv2.jpg,media/illustrations/illustrations/illustrations-02.jpg
illustrations,illustrations,3,artwork,fdc35e_2e1cf87f53864558a53b359c26c41270,https://static.wixstatic.com/media/fdc35e_2e1cf87f53864558a53b359c26c41270~mv2.jpg,media/illustrations/illustrations/illustrations-03.jpg
illustrations,illustrations,4,artwork,fdc35e_610e6e08744f42d195300e61e7626100,https://static.wixstatic.com/media/fdc35e_610e6e08744f42d195300e61e7626100~mv2.jpg,media/illustrations/illustrations/illustrations-04.jpg
illustrations,illustrations,5,artwork,fdc35e_ca656deeb95d488f8470f60df6f104bb,https://static.wixstatic.com/media/fdc35e_ca656deeb95d488f8470f60df6f104bb~mv2.jpg,media/illustrations/illustrations/illustrations-05.jpg
illustrations,illustrations,6,artwork,fdc35e_31c94c98c69641b4bb130ef862fad734,https://static.wixstatic.com/media/fdc35e_31c94c98c69641b4bb130ef862fad734~mv2.jpg,media/illustrations/illustrations/illustrations-06.jpg
illustrations,illustrations,7,artwork,fdc35e_5282255b97924f26b742dfe34629e1b2,https://static.wixstatic.com/media/fdc35e_5282255b97924f26b742dfe34629e1b2~mv2.jpg,media/illustrations/illustrations/illustrations-07.jpg
interviews,,1,video-poster,fdc35e_01220efec416450e85ec44f345ec342af001,https://static.wixstatic.com/media/fdc35e_01220efec416450e85ec44f345ec342af001.jpg,media/interviews/interview-01-poster.jpg
interviews,,2,video-poster,fdc35e_4e8be8670658458d9a7706f7ac5db64ff000,https://static.wixstatic.com/media/fdc35e_4e8be8670658458d9a7706f7ac5db64ff000.jpg,media/interviews/interview-02-poster.jpg
interviews,,3,video-poster,fdc35e_a316902c932142649d25037cb9e6eeb5f001,https://static.wixstatic.com/media/fdc35e_a316902c932142649d25037cb9e6eeb5f001.jpg,media/interviews/interview-03-poster.jpg
interviews,,4,video-poster,fdc35e_d034e48a0a3b4319ac05ef0e43a5d806f001,https://static.wixstatic.com/media/fdc35e_d034e48a0a3b4319ac05ef0e43a5d806f001.jpg,media/interviews/interview-04-poster.jpg
interviews,,5,video-poster,fdc35e_7467d6aed63140e2b50843e36790c812f002,https://static.wixstatic.com/media/fdc35e_7467d6aed63140e2b50843e36790c812f002.jpg,media/interviews/interview-05-poster.jpg
site,,1,about-portrait,fdc35e_7f3ba1e815d144498eef8ebfb483b4af,https://static.wixstatic.com/media/fdc35e_7f3ba1e815d144498eef8ebfb483b4af~mv2.jpg,media/site/about-portrait.jpg
site,,2,contact-image,fdc35e_875147298cb845bb91364f4a043bff02,https://static.wixstatic.com/media/fdc35e_875147298cb845bb91364f4a043bff02~mv2.jpg,media/site/contact.jpg
site,,3,home-hero,fdc35e_c92f09fe42d54d898ccccc49402aa6d7,https://static.wixstatic.com/media/fdc35e_c92f09fe42d54d898ccccc49402aa6d7~mv2.jpg,media/site/home-hero.jpg
site,,4,social-share-og,fdc35e_0c4db4e4a2c04d68ac8f1fadc12b132c,https://static.wixstatic.com/media/fdc35e_0c4db4e4a2c04d68ac8f1fadc12b132c~mv2.jpg,media/site/og-image.jpg
exhibitions-landing,the-third-eye-2021,1,grid-thumbnail (6.jpg),fdc35e_88a84b221f224618b2bcf8ceacf1894a,https://static.wixstatic.com/media/fdc35e_88a84b221f224618b2bcf8ceacf1894a~mv2.jpg,media/site/landing-thumbs/thumb-01.jpg
exhibitions-landing,sakan-2019,2,grid-thumbnail (2.jpg),fdc35e_34fe06c5e77241f9b19b3c6f608db17f,https://static.wixstatic.com/media/fdc35e_34fe06c5e77241f9b19b3c6f608db17f~mv2.jpg,media/site/landing-thumbs/thumb-02.jpg
exhibitions-landing,unconfirmed,3,grid-thumbnail (main.jpg),fdc35e_f5c8e227c6044bb1aa794a2c5f0aed4a,https://static.wixstatic.com/media/fdc35e_f5c8e227c6044bb1aa794a2c5f0aed4a~mv2_d_2988_1946_s_2.jpg,media/site/landing-thumbs/thumb-03.jpg
exhibitions-landing,soul-2016,4,grid-thumbnail (24.jpg),fdc35e_e28469cebe1b4623a23928649e6479b8,https://static.wixstatic.com/media/fdc35e_e28469cebe1b4623a23928649e6479b8~mv2.jpg,media/site/landing-thumbs/thumb-04.jpg
exhibitions-landing,unconfirmed,5,grid-thumbnail (IMG_6325.JPG),fdc35e_db29fc97a84f4f2da16f755e949bf090,https://static.wixstatic.com/media/fdc35e_db29fc97a84f4f2da16f755e949bf090~mv2.jpg,media/site/landing-thumbs/thumb-05.jpg
exhibitions-landing,unconfirmed,6,grid-thumbnail ((no name)),fdc35e_5152ca9be75544d0941c7ace8c41008f,https://static.wixstatic.com/media/fdc35e_5152ca9be75544d0941c7ace8c41008f~mv2.jpg,media/site/landing-thumbs/thumb-06.jpg
exhibitions-landing,unconfirmed,7,grid-thumbnail (zat),fdc35e_d89e0c3bc85849f8a630169224b3dcd2,https://static.wixstatic.com/media/fdc35e_d89e0c3bc85849f8a630169224b3dcd2~mv2.jpg,media/site/landing-thumbs/thumb-07.jpg
exhibitions-landing,unconfirmed,8,grid-thumbnail (Screen Shfeot 2025-06-05...jpg),fdc35e_e8c7bd9d33924680bbd5221474bbef10,https://static.wixstatic.com/media/fdc35e_e8c7bd9d33924680bbd5221474bbef10~mv2.jpg,media/site/landing-thumbs/thumb-08.jpg
